{"avgTD": 4914.580509184231, "totalTT": 66566623, "totalN": 71972, "totalTD": 353712188.4070075, "avgPace": 0.1881943149875387, "avgTT": 924.8961123770355, "throughput": 12, "avgSpeed": 5.313656791737918}