{"avgTD": 4897.946354655989, "totalTT": 66807449, "totalN": 71950, "totalTD": 352407240.2174984, "avgPace": 0.18957456424211896, "avgTT": 928.5260458651842, "throughput": 13, "avgSpeed": 5.274969266039457}