{"avgTD": 4980.377936104941, "totalTT": 62221173, "totalN": 71969, "totalTD": 358432819.6835365, "avgPace": 0.1735922872658135, "avgTT": 864.5551973766483, "throughput": 8, "avgSpeed": 5.760624597731973}