{"avgTD": 4960.621788601935, "totalTT": 64090469, "totalN": 71964, "totalTD": 356986186.3949496, "avgPace": 0.17953206998629878, "avgTT": 890.5906981268412, "throughput": 11, "avgSpeed": 5.570035482108106}