{"avgTD": 4980.616763067267, "totalTT": 62321159, "totalN": 71964, "totalTD": 358425104.7373728, "avgPace": 0.17387498301957474, "avgTT": 866.0046551053305, "throughput": 9, "avgSpeed": 5.751258649367751}