{"avgTD": 4904.834590019134, "totalTT": 68625518, "totalN": 71944, "totalTD": 352873419.7443366, "avgPace": 0.19447630271988317, "avgTT": 953.8740965195152, "throughput": 9, "avgSpeed": 5.142014662014451}