{"avgTD": 4963.058451554005, "totalTT": 63382504, "totalN": 71946, "totalTD": 357072203.35550445, "avgPace": 0.17750612734449056, "avgTT": 880.9732855196953, "throughput": 13, "avgSpeed": 5.633608343329327}