{"avgTD": 4999.081866481523, "totalTT": 59752727, "totalN": 71950, "totalTD": 359683940.29334563, "avgPace": 0.16612564617499398, "avgTT": 830.4757053509381, "throughput": 10, "avgSpeed": 6.019540167486341}