{"avgTD": 4899.556524398802, "totalTT": 66368549, "totalN": 71946, "totalTD": 352503493.70439625, "avgPace": 0.18827770556979387, "avgTT": 922.4772607233202, "throughput": 10, "avgSpeed": 5.311303305793174}