{"avgTD": 4957.874688082153, "totalTT": 62701628, "totalN": 71967, "totalTD": 356803367.6772083, "avgPace": 0.17573160367904572, "avgTT": 871.2552697764253, "throughput": 12, "avgSpeed": 5.690496069371728}