{"avgTD": 5007.260264311592, "totalTT": 60778893, "totalN": 71968, "totalTD": 360362506.70197666, "avgPace": 0.16866042351699131, "avgTT": 844.526636838595, "throughput": 10, "avgSpeed": 5.929073217934007}