{"totalN": 71972, "avgSpeed": 5.832658819019649, "avgPace": 0.1714483961823914, "avgTT": 851.5249263602512, "avgTD": 4966.654371350176, "totalTD": 357460048.4148149, "totalTT": 61285952}