{"totalN": 71957, "avgSpeed": 5.415206106179265, "avgPace": 0.18466517809154206, "avgTT": 915.5694095084565, "avgTD": 4957.997057001137, "totalTD": 356762594.2306308, "totalTT": 65881628}