{"totalN": 71959, "avgSpeed": 5.547127307737658, "avgPace": 0.1802734901369769, "avgTT": 896.0947761919982, "avgTD": 4970.751803335698, "totalTD": 357690329.0162335, "totalTT": 64482084}