{"totalN": 71968, "avgSpeed": 5.428138580240771, "avgPace": 0.18422521555366111, "avgTT": 910.7932831258337, "avgTD": 4943.912158759493, "totalTD": 355803470.2416032, "totalTT": 65547971}