{"totalN": 71958, "avgSpeed": 5.107527660175474, "avgPace": 0.1957894438432946, "avgTT": 956.3157536340643, "avgTD": 4884.409163547538, "totalTD": 351472314.59055376, "totalTT": 68814569}