{"totalN": 71965, "avgSpeed": 5.30548278573084, "avgPace": 0.1884842606010356, "avgTT": 930.4422010699645, "avgTD": 4936.44508089421, "totalTD": 355251270.2465518, "totalTT": 66959273}