{"totalN": 71936, "totalTT": 66378165, "totalTD": 354326100.21473694, "avgPace": 0.18733636884150492, "avgSpeed": 5.33799179616877, "avgTT": 922.7391709297153, "avgTD": 4925.574124426392}