{"totalN": 71952, "avgSpeed": 5.291913924285258, "avgPace": 0.1889675482835944, "avgTT": 929.9799032688459, "avgTD": 4921.373599413862, "totalTD": 354102673.22502625, "totalTT": 66913914}