{"totalN": 71941, "avgSpeed": -75.53428394698419, "avgPace": -0.0132390213787143, "avgTT": 922.7773314243616, "avgTD": -69701.32497164806, "totalTD": -5014383019.785334, "totalTT": 66385524}