{"totalN": 71968, "avgSpeed": 5.5661423629161595, "avgPace": 0.1796576398516853, "avgTT": 891.384837705647, "avgTD": 4961.574906814547, "totalTD": 357074622.8936293, "totalTT": 64151184}