{"totalN": 71977, "avgSpeed": 6.012109386307266, "avgPace": 0.16633097233352503, "avgTT": 831.0445558998014, "avgTD": 4996.330774964748, "totalTD": 359620900.1896377, "totalTT": 59816094}