{"totalN": 71967, "avgSpeed": 5.693061704862969, "avgPace": 0.17565240846516872, "avgTT": 875.6877179818528, "avgTD": 4985.34421266133, "totalTD": 358780266.9525979, "totalTT": 63020618}