{"totalN": 35973, "totalTT": 21742561, "avgTT": 604.4133377811136, "totalTD": 169070157.9933337, "avgTD": 4699.918216254794, "avgPace": 0.12860082026336836, "avgSpeed": 7.776000168210805, "throughput": 10}